-- Title: BookUp_test.sql
-- Summary: sql script for testing purposes
-- Owner: Zack Fout
-- Version 1.0
-- Last Modified: 10/31/2014
-- Last Modified By: Luke Oglesbee
-- Notes: added some dummy accounts for api testing
-- 10/23/2014 Added 1984 as book and popular book


#################################################
##
##	Don't edit values without talking to Danny!!!
##
#################################################

USE BookUp;

DELETE FROM Rating;
DELETE FROM PopularBookList;
DELETE FROM ReadingList;
DELETE FROM Account;
DELETE FROM BookList;


INSERT INTO Account VALUES
    ("drizzuto@bookup.com", "Candles"),
    ("amccarthy@bookup.com", "Candles"),
    ("khabeck@bookup.com", "Candles"),
    ("zfout@bookup.com", "Candles"),
    ("loglesbee@bookup.com", "Candles"),
    ("ngatmaitin@bookup.com", "Candles"),
    ("ebusbee@bookup.com", "Candles");

INSERT INTO BookList VALUES
	("9780007491568"),
	("9780060256654"),
	("9780060529963"),
	("9780060589288"),
	("9780060759957"),
	("9780060855925"),
	("9780060885373"),
	("9780061120084"),
	("9780061234002"),
	("9780061583070"),
	("9780061726835"),
	("9780061996160"),
	("9780062059963"),
	("9780066238500"),
	("9780140283303"),
	("9780141184272"),
	("9780141441160"),
	("9780142414934"),
	("9780142437209"),
	("9780142437261"),
	("9780142501559"),
	("9780143037149"),
	("9780143038108"),
	("9780143039563"),
	("9780156001311"),
	("9780307265432"),
	("9780307269751"),
	("9780307277671"),
	("9780307279460"),
	("9780307593313"),
	("9780312353766"),
	("9780312532765"),
	("9780312650247"),
	("9780312995058"),
	("9780316125581"),
	("9780316166683"),
	("9780316323703"),
	("9780345391803"),
	("9780345418920"),
	("9780345504968"),
	("9780345538376"),
	("9780373210183"),
	("9780375726408"),
	("9780375806810"),
	("9780375822742"),
	("9780375826696"),
	("9780375831003"),
	("9780375836671"),
	("9780385315142"),
	("9780385333849"),
	("9780385490818"),
	("9780385537674"),
	("9780385720922"),
	("9780385730587"),
	("9780385738750"),
	("9780385739160"),
	("9780393324815"),
	("9780393978896"),
	("9780399254826"),
	("9780425172902"),
	("9780439023481"),
	("9780439358071"),
	("9780439554930"),
	("9780439813785"),
	("9780440222651"),
	("9780440242949"),
	("9780440360377"),
	("9780446605236"),
	("9780446611084"),
	("9780446675536"),
	("9780446696111"),
	("9780449912553"),
	("9780450040184"),
	("9780451207142"),
	("9780451219367"),
	("9780451412355"),
	("9780451525260"),
	("9780451528827"),
	("9780452284241"),
	("9780525422945"),
	("9780525467564"),
	("9780525476887"),
	("9780543898081"),
	("9780545010221"),
	("9780553208849"),
	("9780553213690"),
	("9780553384284"),
	("9780553573404"),
	("9780553588484"),
	("9780571224388"),
	("9780605039070"),
	("9780618346257"),
	("9780670844876"),
	("9780671683900"),
	("9780679720218"),
	("9780679735908"),
	("9780679783268"),
	("9780684830490"),
	("9780684833392"),
	("9780691096124"),
	("9780739326220"),
	("9780743246989"),
	("9780743273565"),
	("9780743466523"),
	("9780743477574"),
	("9780743496728"),
	("9780752865331"),
	("9780767902892"),
	("9780786226740"),
	("9780802130303"),
	("9780805005011"),
	("9780811201889"),
	("9781400064168"),
	("9781416989417"),
	("9781420925807"),
	("9781461091110"),
	("9781557831576"),
	("9781580493888"),
	("9781599900735"),
	("9781862301382"),
	("9781903436578"),
	("9783125785021"),
	("9788976100146"),
	("9789703707034");

INSERT INTO PopularBookList VALUES
	("9783125785021"),
	("9780605039070"),
	("9789703707034"),
	("9780446605236"),
	("9780553573404"),
	("9788976100146"),
	("9780385537674"),
	("9780393324815"),
	("9780385730587"),
	("9780439023481");

INSERT INTO ReadingList VALUES
	("drizzuto@bookup.com", NOW(), "9780007491568"),
	("drizzuto@bookup.com", NOW(), "9780060256654"),
	("drizzuto@bookup.com", NOW(), "9780060529963"),
	("drizzuto@bookup.com", NOW(), "9780060589288"),
	("drizzuto@bookup.com", NOW(), "9780060759957"),
	("drizzuto@bookup.com", NOW(), "9780060855925"),
	("amccarthy@bookup.com", NOW(), "9780553384284"),
	("amccarthy@bookup.com", NOW(), "9780553573404"),
	("amccarthy@bookup.com", NOW(), "9780553588484"),
	("amccarthy@bookup.com", NOW(), "9780571224388"),
	("amccarthy@bookup.com", NOW(), "9780605039070"),
	("amccarthy@bookup.com", NOW(), "9780618346257"),
	("amccarthy@bookup.com", NOW(), "9780670844876"),
	("amccarthy@bookup.com", NOW(), "9780671683900"),
	("amccarthy@bookup.com", NOW(), "9780679720218"),
	("amccarthy@bookup.com", NOW(), "9780679735908"),
	("khabeck@bookup.com", NOW(), "9780373210183"),
	("khabeck@bookup.com", NOW(), "9780375726408"),
	("khabeck@bookup.com", NOW(), "9780375806810"),
	("khabeck@bookup.com", NOW(), "9780375822742"),
	("khabeck@bookup.com", NOW(), "9780375826696"),
	("khabeck@bookup.com", NOW(), "9780375831003"),
	("khabeck@bookup.com", NOW(), "9780375836671"),
	("khabeck@bookup.com", NOW(), "9780385315142"),
	("khabeck@bookup.com", NOW(), "9780385333849"),
	("khabeck@bookup.com", NOW(), "9780385490818");

INSERT INTO Rating VALUES
	("drizzuto@bookup.com", -1, NOW(), "9781599900735"),
	("drizzuto@bookup.com", 1, NOW(), "9781862301382"),
	("drizzuto@bookup.com", 0, NOW(), "9781903436578"),
	("drizzuto@bookup.com", -1, NOW(), "9783125785021"),
	("drizzuto@bookup.com", 1, NOW(), "9788976100146"),
	("drizzuto@bookup.com", 0, NOW(), "9789703707034"),
	("amccarthy@bookup.com", -1, NOW(),"9780007491568"),
	("amccarthy@bookup.com", -1, NOW(),"9780060256654"),
	("amccarthy@bookup.com", -1, NOW(),"9780060529963");

