-- Title: BookUp_test.sql
-- Summary: sql script for testing purposes
-- Owner: Zack Fout
-- Version 1.0
-- Last Modified: 10/31/2014
-- Last Modified By: Luke Oglesbee
-- Notes: added some dummy accounts for api testing
-- 10/23/2014 Added 1984 as book and popular book

USE BookUp;

INSERT INTO Account VALUES
    ("drizzuto@bookup.com", "Candles", true),
    ("amccarthy@bookup.com", "Candles", false),
    ("khabeck@bookup.com", "Candles", true),
    ("zfout@bookup.com", "Candles", true),
    ("loglesbee@bookup.com", "Candles", true),
    ("ngatmaitin@bookup.com", "Candles", true),
    ("ebusbee@bookup.com", "Candles", true);

INSERT INTO BookList VALUES
	("9780007491568"),
	("9780060256654"),
	("9780060531041"),
	("9780060759957"),
	("9780060929879"),
	("9780061120084"),
	("9780061122415"),
	("9780061726811"),
	("9780064410939"),
	("9780066238500"),
	("9780099408390"),
	("9780140283334"),
	("9780142000670"),
	("9780142402498"),
	("9780142437179"),
	("9780142437209"),
	("9780142437346"),
	("9780152063962"),
	("9780307277671"),
	("9780316002899"),
	("9780316003728"),
	("9780316166683"),
	("9780345391803"),
	("9780345418265"),
	("9780345538376"),
	("9780375414497"),
	("9780375751516"),
	("9780375759239"),
	("9780375831003"),
	("9780385339155"),
	("9780385494786"),
	("9780385504225"),
	("9780385737944"),
	("9780393970128"),
	("9780393978896"),
	("9780394800202"),
	("9780399155345"),
	("9780439023481"),
	("9780439358071"),
	("9780439709101"),
	("9780440498056"),
	("9780441013814"),
	("9780446675536"),
	("9780451525260"),
	("9780451527745"),
	("9780451528827"),
	("9780451530172"),
	("9780452284241"),
	("9780486298573"),
	("9780517189603"),
	("9780525423645"),
	("9780525478812"),
	("9780545123280"),
	("9780553278224"),
	("9780553375404"),
	("9780553803716"),
	("9780679735908"),
	("9780679783268"),
	("9780689865398"),
	("9780739326220"),
	("9780743477116"),
	("9780747599876"),
	("9780812550702"),
	("9780842342704"),
	("9781416524304"),
	("9781416524342"),
	("9781416997856"),
	("9781581345285"),
	("9781594489501"),
	("9781595143198"),
	("9781841493008"),
	("9781905654581");

INSERT INTO PopularBookList VALUES
	("9780439023481"),
	("9780439358071"),
	("9780061120084"),
	("9780679783268"),
	("9780446675536"),
	("9780066238500"),
	("9780452284241"),
	("9780060256654"),
	("9780345391803"),
	("9780393978896"),
	("9780739326220"),
	("9780307277671"),
	("9780375831003"),
	("9780451527745");

INSERT INTO ReadingList VALUES
	("drizzuto@bookup.com", NOW(), "9780375831003"),
	("drizzuto@bookup.com", NOW(), "9780061120084"),
	("drizzuto@bookup.com", NOW(), "9780439709101"),
	("loglesbee@bookup.com", NOW(), "9780061120084"),
	("loglesbee@bookup.com", NOW(), "9780393978896"),
	("loglesbee@bookup.com", NOW(), "9780385737944"),
	("loglesbee@bookup.com", NOW(), "9780142437346"),
	("loglesbee@bookup.com", NOW(), "9780553278224"),
	("amccarthy@bookup.com", NOW(), "9780439023481"),
	("amccarthy@bookup.com", NOW(), "9780393978896"),
	("amccarthy@bookup.com", NOW(), "9780451527745"),
	("amccarthy@bookup.com", NOW(), "9780142437209"),
	("amccarthy@bookup.com", NOW(), "9780142437179"),
	("amccarthy@bookup.com", NOW(), "9780060531041");

INSERT INTO Rating VALUES
        ("amccarthy@bookup.com", -1, "9780439023481"),
	("amccarthy@bookup.com", 1, "9780393978896"),
	("amccarthy@bookup.com", 1, "9780451527745"),
	("amccarthy@bookup.com", 1, "9780142437209"),
	("amccarthy@bookup.com", -1, "9780142437179"),
	("amccarthy@bookup.com", -1, "9780060531041");
	
